?xml version='1.0' encoding='UTF-8'?>
<security version="v8">
  <users>
    <user>
      <username>anonymous</username>
      <password>d41d8cd98f00b204e9800998ecf8427e</password>
      <admin>false</admin>
      <enabled>true</enabled>
      <updatableProfile>false</updatableProfile>
      <accountNonExpired>true</accountNonExpired>
      <credentialsExpired>false</credentialsExpired>
      <credentialsNonExpired>true</credentialsNonExpired>
      <accountNonLocked>true</accountNonLocked>
      <transientUser>false</transientUser>
      <groups/>
      <userPropertyInfos>
        <userProperty>
          <propKey>passwordCreated</propKey>
          <propValue>1485773119850</propValue>
        </userProperty>
      </userPropertyInfos>
      <lastLoginTimeMillis>0</lastLoginTimeMillis>
      <lastAccessTimeMillis>0</lastAccessTimeMillis>
      <locked>false</locked>
    </user>
    <user>
      <username>artifactdeployer</username>
      <password>a89cef11ff27677b97302ae42e7eb73e</password>
      <email>han@praqma.com</email>
      <salt>CAFEBABEEBABEFAC</salt>
      <admin>false</admin>
      <enabled>true</enabled>
      <updatableProfile>true</updatableProfile>
      <accountNonExpired>true</accountNonExpired>
      <credentialsExpired>false</credentialsExpired>
      <credentialsNonExpired>true</credentialsNonExpired>
      <accountNonLocked>true</accountNonLocked>
      <realm>internal</realm>
      <transientUser>false</transientUser>
      <groups>
        <userGroup>readers</userGroup>
      </groups>
      <userPropertyInfos>
        <userProperty>
          <propKey>passwordCreated</propKey>
          <propValue>1485773968497</propValue>
        </userProperty>
      </userPropertyInfos>
      <lastLoginTimeMillis>0</lastLoginTimeMillis>
      <lastAccessTimeMillis>0</lastAccessTimeMillis>
      <locked>false</locked>
    </user>
    <user>
      <username>admin</username>
      <password>1f70548d73baca61aab8660733c7de81</password>
      <salt>CAFEBABEEBABEFAC</salt>
      <admin>true</admin>
      <enabled>true</enabled>
      <updatableProfile>true</updatableProfile>
      <accountNonExpired>true</accountNonExpired>
      <credentialsExpired>false</credentialsExpired>
      <credentialsNonExpired>true</credentialsNonExpired>
      <accountNonLocked>true</accountNonLocked>
      <realm>internal</realm>
      <transientUser>false</transientUser>
      <groups/>
      <userPropertyInfos>
        <userProperty>
          <propKey>passwordCreated</propKey>
          <propValue>1485773119822</propValue>
        </userProperty>
      </userPropertyInfos>
      <lastLoginTimeMillis>1485773923349</lastLoginTimeMillis>
      <lastLoginClientIp>172.17.0.1</lastLoginClientIp>
      <lastAccessTimeMillis>0</lastAccessTimeMillis>
      <locked>false</locked>
    </user>
  </users>
  <groups>
    <group>
      <groupName>readers</groupName>
      <description>A group for read-only users</description>
      <newUserDefault>true</newUserDefault>
      <realm>artifactory</realm>
    </group>
  </groups>
  <acls>
    <acl>
      <permissionTarget>
        <name>Any Remote</name>
        <repoKeys>
          <string>ANY REMOTE</string>
        </repoKeys>
        <includes>
          <string>**</string>
        </includes>
        <excludes/>
      </permissionTarget>
      <aces>
        <ace>
          <principal>anonymous</principal>
          <group>false</group>
          <mask>3</mask>
        </ace>
      </aces>
      <updatedBy>_system_</updatedBy>
    </acl>
    <acl>
      <permissionTarget>
        <name>Anything</name>
        <repoKeys>
          <string>ANY</string>
        </repoKeys>
        <includes>
          <string>**</string>
        </includes>
        <excludes/>
      </permissionTarget>
      <aces>
        <ace>
          <principal>readers</principal>
          <group>true</group>
          <mask>1</mask>
        </ace>
        <ace>
          <principal>anonymous</principal>
          <group>false</group>
          <mask>1</mask>
        </ace>
      </aces>
      <updatedBy>_system_</updatedBy>
    </acl>
    <acl>
      <permissionTarget>
        <name>deploy</name>
        <repoKeys>
          <string>ANY LOCAL</string>
        </repoKeys>
        <includes>
          <string>**</string>
        </includes>
        <excludes/>
      </permissionTarget>
      <aces>
        <ace>
          <principal>artifactdeployer</principal>
          <group>false</group>
          <mask>7</mask>
        </ace>
      </aces>
    </acl>
  </acls>

